date,R_F,R_MKT,R_ME,R_IA,R_ROE,R_EG
1967-01-01,0.3927,8.1852,6.8122,-2.9263,1.8813,-2.5511
1967-02-01,0.3743,0.7557,1.6235,-0.2915,3.5399,2.1792
1967-03-01,0.3693,4.0169,1.9836,-1.6772,1.8417,-1.1192
1967-04-01,0.3344,3.8786,-0.67,-2.8972,1.0253,-1.6371
1967-05-01,0.3126,-4.2807,2.7457,2.1864,0.5901,0.1191
1967-06-01,0.2674,2.4199,6.3158,-2.0958,0.3506,-0.2834
1967-07-01,0.3153,4.5784,3.1435,2.2778,-0.6516,-0.1601
1967-08-01,0.324,-0.9048,0.3603,1.934,-0.5955,0.063
1967-09-01,0.3177,3.1074,1.802,-0.4061,0.7524,-0.9213
1967-10-01,0.3649,-3.0491,0.751,-2.4332,3.2851,0.1077
1967-11-01,0.3416,0.3765,-0.007,-2.8026,0.6936,0.0395
1967-12-01,0.3565,3.0233,4.5386,0.0929,0.7001,1.7035
1968-01-01,0.3934,-4.0255,5.2352,4.6389,-2.922,0.9691
1968-02-01,0.3849,-3.7294,-1.9674,2.5762,-0.3852,2.9672
1968-03-01,0.3977,0.188,-1.8959,-0.8164,1.8418,1.3123
1968-04-01,0.4263,9.0295,5.503,-2.7421,3.6103,-1.8774
1968-05-01,0.4672,2.2564,6.7533,-2.2845,1.9637,-0.2809
1968-06-01,0.4436,0.6745,-0.4586,2.4975,-0.2263,0.0441
1968-07-01,0.479,-2.6873,-1.1928,2.7389,-1.9663,3.6103
1968-08-01,0.4476,1.3272,2.1751,0.643,-0.6662,1.5939
1968-09-01,0.4203,4.0566,1.4385,-0.5693,-3.4099,-1.082
1968-10-01,0.4394,0.4255,-0.6355,2.6082,0.4414,2.4953
1968-11-01,0.4457,5.4064,2.7157,-1.3424,-0.4038,-0.9838
1968-12-01,0.4249,-3.9304,2.9681,2.651,-0.6141,-0.5008
1969-01-01,0.5025,-1.2291,-0.3821,1.2085,-0.1173,0.2955
1969-02-01,0.4619,-5.8496,-3.8586,0.7873,0.9745,2.2835
1969-03-01,0.4802,2.66,-0.3377,0.5026,2.0353,2.5602
1969-04-01,0.4859,1.5003,-0.186,0.5287,2.0202,-0.1537
1969-05-01,0.5215,-0.1257,0.1945,1.5413,0.1962,0.2109
1969-06-01,0.5137,-7.1923,-4.7563,-0.6301,3.3315,2.5267
1969-07-01,0.552,-7.0331,-2.8952,1.9907,2.0776,3.6224
1969-08-01,0.589,4.6007,0.9925,-2.654,0.5167,-2.0271
1969-09-01,0.5856,-2.9387,0.6882,0.0431,1.7208,2.6619
1969-10-01,0.5724,5.081,2.9754,-1.4818,-1.4493,-1.6665
1969-11-01,0.5509,-3.8235,-2.0435,0.2112,2.8535,2.4199
1969-12-01,0.5846,-2.5834,-3.6947,-0.6363,3.463,1.7303
1970-01-01,0.5781,-8.0676,3.6617,3.8252,-0.741,3.52
1970-02-01,0.6167,5.0779,-2.4032,1.6171,-2.2721,-0.2221
1970-03-01,0.5542,-1.0373,-1.4167,3.3852,-0.9683,3.2222
1970-04-01,0.5286,-11.0383,-4.5676,5.2928,0.1614,5.757
1970-05-01,0.5546,-6.9458,-3.3976,3.2098,0.1132,3.9522
1970-06-01,0.5546,-5.7634,-2.1125,3.6689,2.4483,4.3742
1970-07-01,0.4886,6.949,-0.6124,2.6318,-0.3288,-0.9592
1970-08-01,0.502,4.5098,0.714,-0.8617,-3.2704,-2.1537
1970-09-01,0.5034,4.2154,7.2316,-4.5548,-1.3443,-5.5793
1970-10-01,0.4954,-2.3108,-3.1548,2.9696,5.4758,4.1378
1970-11-01,0.4489,4.6032,-3.85,1.0459,1.0649,2.4271
1970-12-01,0.3786,5.7758,2.7708,0.4188,-1.469,-0.3391
1971-01-01,0.3777,4.8376,6.9078,-0.3554,-4.3275,-3.3915
1971-02-01,0.3344,1.3927,1.4581,0.5393,2.4506,0.8035
1971-03-01,0.2924,4.1315,2.6789,-2.0113,1.9334,-0.2298
1971-04-01,0.2804,3.1513,-0.2008,1.2726,-1.2082,-0.9662
1971-05-01,0.3127,-4.0032,-1.4904,0.8992,1.4113,0.9227
1971-06-01,0.3505,-0.069,-0.6579,-0.6543,4.3498,2.268
1971-07-01,0.4272,-4.5182,0.0459,2.4409,2.6442,0.9187
1971-08-01,0.4446,3.8106,-2.1376,1.6632,-3.3217,-0.0862
1971-09-01,0.363,-0.8462,0.3025,0.068,2.7583,1.2805
1971-10-01,0.3855,-4.4382,-1.1067,-0.6717,1.9473,2.207
1971-11-01,0.3506,-0.44,-2.8745,-0.2867,1.4712,1.5536
1971-12-01,0.3152,8.7371,2.9225,-2.01,-1.175,-1.473
1972-01-01,0.285,2.4876,6.5296,-0.0273,-6.8199,1.8662
1972-02-01,0.2659,2.8485,0.521,1.9924,1.0235,-0.435
1972-03-01,0.259,0.6398,-1.0859,1.7616,2.1599,1.6356
1972-04-01,0.2962,0.2728,0.296,0.27,0.7183,0.2067
1972-05-01,0.2942,1.2622,-2.7554,-1.7459,1.8952,1.2866
1972-06-01,0.28,-2.4172,0.4535,-0.1612,3.4718,1.6544
1972-07-01,0.3084,-0.8379,-2.0219,-0.3931,2.1954,3.3015
1972-08-01,0.2988,3.2486,-3.623,3.6277,-1.443,0.7698
1972-09-01,0.3546,-1.1495,-1.0852,-1.0033,2.1667,0.4424
1972-10-01,0.3891,0.5271,-3.1796,-0.418,-0.5148,0.5797
1972-11-01,0.3739,4.5932,-1.0175,2.4945,-4.1021,0.6461
1972-12-01,0.4185,0.5727,-1.8973,-1.3273,3.0319,1.7622
1973-01-01,0.441,-3.2918,-2.656,0.3368,-0.571,3.444
1973-02-01,0.4277,-4.8635,-4.5526,0.1236,-1.0831,1.6597
1973-03-01,0.475,-1.3435,-1.8269,0.6328,-1.8388,3.2608
1973-04-01,0.5002,-5.6575,-2.935,3.0786,-0.6049,4.1684
1973-05-01,0.5098,-2.9546,-5.7165,-0.5129,1.4353,1.5142
1973-06-01,0.5379,-1.59,-1.3459,0.4562,-0.0012,2.9751
1973-07-01,0.654,5.0255,8.0705,-5.6569,1.3051,-4.1545
1973-08-01,0.6855,-3.8069,-1.8721,1.7695,1.6194,1.5057
1973-09-01,0.6749,4.7527,5.4395,2.0999,-1.6754,-1.5858
1973-10-01,0.6856,-0.8621,-0.957,2.8796,0.8763,4.0331
1973-11-01,0.5529,-12.7439,-7.2199,2.3008,-0.7897,2.2419
1973-12-01,0.6961,0.6667,-4.8503,2.2193,3.3276,4.4647
1974-01-01,0.6274,-0.1619,11.8375,2.3603,-4.4602,-0.4965
1974-02-01,0.5819,-0.4736,-0.5471,2.0538,-1.2343,1.4282
1974-03-01,0.5677,-2.8245,1.905,-0.0175,1.8657,1.07
1974-04-01,0.7949,-5.331,-0.4707,2.3712,2.2928,2.4687
1974-05-01,0.7235,-4.6599,-4.1023,-0.4303,2.2588,0.3195
1974-06-01,0.6892,-2.9154,0.2453,1.5566,1.5503,2.0186
1974-07-01,0.6756,-8.0182,3.5471,4.5122,2.5341,5.6944
1974-08-01,0.594,-9.344,2.1754,3.2555,2.8437,4.9745
1974-09-01,0.7997,-11.764,1.9872,4.9309,-2.3004,3.5384
1974-10-01,0.5254,16.0667,-6.0402,-1.481,8.8632,0.9711
1974-11-01,0.5139,-4.4796,-0.8813,2.7423,1.7632,1.3952
1974-12-01,0.7009,-3.4488,-3.9206,2.1555,0.417,1.9722
1975-01-01,0.5387,13.7055,12.5946,-0.7251,-11.6148,-5.4953
1975-02-01,0.4326,5.557,-1.4188,-1.722,3.6017,0.5737
1975-03-01,0.4014,2.6678,3.1957,-0.6019,-1.7705,-1.817
1975-04-01,0.4489,4.2101,-1.3374,-0.0875,3.4043,2.2158
1975-05-01,0.4869,5.141,3.2878,-0.1547,-0.2685,0.0244
1975-06-01,0.4133,4.8545,1.6532,0.3175,-1.6597,-0.6996
1975-07-01,0.4811,-6.5871,2.9529,1.4598,-1.3987,1.7789
1975-08-01,0.4815,-2.8497,-3.217,-0.1403,0.6907,1.3673
1975-09-01,0.5575,-4.291,0.6804,1.3668,1.6735,3.2839
1975-10-01,0.5185,5.3413,-4.5954,3.1196,2.5718,2.5221
1975-11-01,0.4127,2.6413,-0.4416,1.5571,0.6959,1.614
1975-12-01,0.4983,-1.6279,0.2848,0.0111,-2.2596,0.5035
1976-01-01,0.4402,12.1724,6.8419,1.3805,-2.6249,0.941
1976-02-01,0.3452,0.3125,6.9472,2.2167,-3.6997,0.8386
1976-03-01,0.4344,2.285,-0.4388,1.7776,2.411,1.5723
1976-04-01,0.444,-1.5107,-0.483,-0.9555,-0.2693,-0.0135
1976-05-01,0.4124,-1.3766,-1.2157,-0.9846,0.4471,0.4097
1976-06-01,0.4446,4.0397,0.052,1.3001,-0.0171,0.9229
1976-07-01,0.439,-1.0323,1.209,0.8559,0.727,1.6276
1976-08-01,0.4745,-0.6094,-2.1039,-0.5939,-0.01,0.618
1976-09-01,0.3924,2.1069,-0.2844,-1.4853,1.064,0.9916
1976-10-01,0.4092,-2.4233,0.6861,-1.0682,0.3238,-0.5168
1976-11-01,0.444,0.309,3.3507,-0.3773,-0.6291,0.114
1976-12-01,0.3579,5.696,3.3985,1.7912,-1.0632,1.1167
1977-01-01,0.3594,-4.0293,5.9788,1.0172,-2.1648,1.6687
1977-02-01,0.3499,-1.9367,1.0882,0.0981,1.2378,0.4224
1977-03-01,0.3769,-1.3685,1.4764,-0.2503,0.3138,-0.3484
1977-04-01,0.4114,0.114,1.3079,1.1605,0.3746,0.7835
1977-05-01,0.3855,-1.4659,1.4825,0.2215,1.7144,2.6935
1977-06-01,0.3716,4.739,3.1081,-0.7125,2.3354,2.9427
1977-07-01,0.3873,-1.6568,0.9986,1.0573,1.6654,2.4073
1977-08-01,0.4993,-1.8072,-0.2568,-0.8401,1.4259,-0.1136
1977-09-01,0.433,-0.2699,1.4967,-0.0956,1.43,1.5155
1977-10-01,0.4943,-4.3863,1.4412,-0.6125,-1.0307,1.159
1977-11-01,0.4959,3.999,4.6233,1.2408,2.6069,1.4818
1977-12-01,0.47,0.2831,1.4495,0.1312,1.3303,1.8425
1978-01-01,0.5374,-6.0473,2.3487,0.9316,-1.8003,0.1409
1978-02-01,0.4941,-1.4121,4.1187,1.3398,0.0027,1.6452
1978-03-01,0.5017,2.8714,3.4309,2.4596,0.185,0.0973
1978-04-01,0.5712,7.826,-0.1677,-0.3298,5.6669,0.578
1978-05-01,0.5317,1.7363,3.7382,0.8051,0.4779,0.7422
1978-06-01,0.5369,-1.6885,1.4435,0.4821,1.3467,1.1221
1978-07-01,0.5591,5.102,0.2707,0.3966,1.6325,2.6963
1978-08-01,0.555,3.7437,4.6861,1.2008,2.0147,0.6654
1978-09-01,0.5964,-1.4064,-0.823,0.4473,-3.4045,-0.8338
1978-10-01,0.7498,-11.9724,-10.1907,-0.592,-2.2443,0.9892
1978-11-01,0.7041,2.7187,4.1635,-0.8764,1.31,1.4981
1978-12-01,0.7372,0.9239,0.9664,-1.784,1.9383,2.5033
1979-01-01,0.7882,4.2089,4.0083,2.1622,-0.7695,-1.3387
1979-02-01,0.7324,-3.5587,0.3368,-0.1882,-2.2881,0.548
1979-03-01,0.8928,5.5859,3.7203,1.3585,2.7599,0.6037
1979-04-01,0.8489,-0.1153,2.2894,1.0123,2.1582,-0.3024
1979-05-01,0.8161,-2.2031,0.6508,-0.0683,-0.8364,0.5401
1979-06-01,0.7858,3.8639,0.7611,-0.6418,-0.9831,-1.8159
1979-07-01,0.841,0.7485,1.2477,0.7427,0.5097,-0.4286
1979-08-01,0.7506,5.5385,1.6624,-0.3503,2.9616,0.0127
1979-09-01,0.7732,-0.7533,0.0416,0.1081,0.7035,2.9944
1979-10-01,0.9621,-8.1773,-3.1709,0.072,1.0303,1.6888
1979-11-01,0.9878,5.2094,2.1515,-2.3923,2.3423,-0.334
1979-12-01,1.0209,1.7155,3.9508,-1.0325,1.1576,-0.1402
1980-01-01,0.7968,5.4954,0.6857,1.6011,1.6908,0.5069
1980-02-01,1.0654,-1.3981,-1.2547,1.7384,2.2085,3.5211
1980-03-01,1.2009,-12.8931,-6.6273,0.4902,-1.0561,-0.8911
1980-04-01,1.2865,3.9336,1.3726,1.292,0.1315,1.5282
1980-05-01,0.7883,5.2656,1.5035,-1.4097,-0.9435,-0.8786
1980-06-01,0.6312,3.0379,1.4523,-0.8706,2.8361,0.7803
1980-07-01,0.5281,6.4901,3.6672,-2.0855,-0.376,-3.294
1980-08-01,0.5973,1.8483,4.5286,0.5744,2.5483,1.6327
1980-09-01,0.8698,2.0676,0.695,-0.452,5.2169,2.3895
1980-10-01,0.8912,1.126,1.0625,0.5304,4.1939,2.6904
1980-11-01,0.8895,9.6499,-5.108,-1.9984,9.0598,0.5616
1980-12-01,1.4149,-4.594,1.0533,0.9343,-1.2569,0.0922
1981-01-01,0.9957,-4.9937,3.7921,2.4779,-4.9423,0.7279
1981-02-01,1.0685,0.5716,-0.0853,1.8514,0.789,1.6313
1981-03-01,1.3157,3.4501,3.4594,-1.8297,-1.4715,-1.87
1981-04-01,1.0756,-2.1749,4.2588,2.4396,1.3112,1.0714
1981-05-01,1.0646,0.1984,2.6187,-0.4487,-0.114,1.7028
1981-06-01,1.5158,-2.5098,-0.675,2.6912,0.0205,1.7127
1981-07-01,1.1915,-1.4902,-1.8099,-2.05,3.0619,-0.5199
1981-08-01,1.2804,-7.0074,-1.3665,1.4743,0.6495,2.5355
1981-09-01,1.2794,-7.1791,-1.7643,3.1985,0.4439,3.9613
1981-10-01,1.1685,4.9279,1.854,-1.0785,4.7505,-1.2239
1981-11-01,1.103,3.3194,-1.2491,0.8791,0.8839,2.1393
1981-12-01,0.8738,-3.6308,1.2926,1.8324,-0.4952,1.3396
1982-01-01,0.7306,-3.1675,-0.3358,1.8314,-1.5721,0.6496
1982-02-01,0.9176,-5.8456,0.5441,4.6466,0.2615,2.9922
1982-03-01,1.1077,-1.9771,0.5837,1.8161,-1.719,2.612
1982-04-01,1.129,3.2641,0.4348,1.1525,1.9336,0.5196
1982-05-01,0.9592,-3.8098,-0.4375,-0.4876,-0.4631,1.0856
1982-06-01,1.071,-3.1715,0.9316,2.4051,-0.3276,3.2793
1982-07-01,1.021,-3.1604,1.6569,2.0325,2.6572,3.923
1982-08-01,0.8342,11.0522,-3.3998,-0.2313,-1.113,-2.7134
1982-09-01,0.5118,1.2968,2.9996,0.8538,3.3642,3.4796
1982-10-01,0.5475,11.3367,0.9019,-0.9357,-0.7816,-0.6218
1982-11-01,0.7201,4.5867,4.5023,1.5536,3.282,3.9333
1982-12-01,0.6289,0.6062,-0.6464,0.6496,-0.6188,0.0635
1983-01-01,0.6864,3.5938,2.3837,-0.4426,-2.1129,-1.7203
1983-02-01,0.6186,2.5819,3.6614,1.3038,3.0014,1.8828
1983-03-01,0.6326,2.8196,1.6906,2.9854,1.239,2.0622
1983-04-01,0.6918,6.6876,-0.3725,2.2901,0.5907,2.3543
1983-05-01,0.7584,0.4543,6.1622,-1.4146,-3.5946,-3.7338
1983-06-01,0.6661,3.0717,2.0317,-1.1814,1.6003,2.6379
1983-07-01,0.6917,-4.0176,0.6286,2.8943,1.2607,3.0759
1983-08-01,0.8342,-0.5699,-4.8628,1.3058,-0.6951,0.3201
1983-09-01,0.7607,0.9389,0.3684,1.4402,3.2159,2.9533
1983-10-01,0.7433,-3.4213,-3.9842,2.752,1.4348,3.7175
1983-11-01,0.7199,2.1446,2.1412,1.0771,-0.1431,-1.7887
1983-12-01,0.7039,-1.7476,-1.1237,1.3464,-1.5533,1.0876
1984-01-01,0.8083,-1.9553,-1.0858,2.4257,-3.792,0.924
1984-02-01,0.7328,-4.781,-1.7606,0.806,-0.691,0.7633
1984-03-01,0.728,0.6348,-0.2056,0.7414,-0.7087,1.3162
1984-04-01,0.813,-0.5124,-1.0179,1.142,2.1299,2.4248
1984-05-01,0.7898,-5.968,-0.4314,-1.4772,1.8012,1.8679
1984-06-01,0.7534,1.8044,0.4378,-2.2266,1.7316,0.5021
1984-07-01,0.8755,-2.7909,-2.4346,-1.1351,3.5596,2.6807
1984-08-01,0.7963,10.2881,0.2416,-0.5683,0.9555,0.217
1984-09-01,0.8293,-0.7711,-0.6136,2.6124,0.2638,1.2526
1984-10-01,0.9766,-0.8316,-1.3775,-0.1127,2.726,1.6062
1984-11-01,0.7334,-1.7634,-1.0647,2.2304,0.8216,1.6001
1984-12-01,0.6923,1.7778,-0.4395,-0.7914,2.5341,1.1588
1985-01-01,0.6474,7.9627,3.4602,-3.5219,0.9783,-1.722
1985-02-01,0.6033,1.197,0.7537,1.0867,1.4505,2.1784
1985-03-01,0.616,-0.8417,-1.9791,3.2757,0.9243,2.1496
1985-04-01,0.7565,-0.9968,-0.7008,1.4228,0.1516,1.8632
1985-05-01,0.6062,5.1206,-1.6972,-1.1255,3.2419,1.5359
1985-06-01,0.5546,1.2636,-0.5362,-0.168,2.8242,1.7031
1985-07-01,0.6196,-0.7114,2.3576,-0.7198,-1.7557,1.3654
1985-08-01,0.5792,-1.0289,-0.1519,2.0216,0.4463,1.0176
1985-09-01,0.6049,-4.5086,-1.8313,1.9358,1.1425,1.7397
1985-10-01,0.6021,4.0525,-0.2554,0.2678,2.2117,2.8859
1985-11-01,0.6156,6.4319,-0.2203,-1.6755,1.7691,-0.8946
1985-12-01,0.6139,3.9069,0.2487,-1.4609,1.6993,-1.0134
1986-01-01,0.4865,0.7227,1.119,-0.7178,1.6751,1.7892
1986-02-01,0.5296,7.1172,-0.4244,-1.3841,2.2328,0.7402
1986-03-01,0.5963,4.8774,0.5864,1.2176,2.0064,1.6608
1986-04-01,0.5341,-1.294,1.0909,-1.563,0.5822,0.0237
1986-05-01,0.4934,4.6068,-1.1665,1.3291,3.3469,1.012
1986-06-01,0.5246,1.0335,-0.2449,1.7546,5.2758,0.8708
1986-07-01,0.5011,-6.4155,-2.6511,1.4432,3.1726,2.8661
1986-08-01,0.4614,6.0498,-4.427,3.0226,-2.7277,1.6671
1986-09-01,0.4783,-8.605,0.6346,3.2307,-3.9523,-0.3247
1986-10-01,0.4209,4.6837,-1.7308,0.5693,1.5025,0.6058
1986-11-01,0.3924,1.1603,-1.967,0.4319,1.1354,3.6917
1986-12-01,0.4767,-3.2307,0.8442,1.0765,1.8931,1.6531
1987-01-01,0.4151,12.438,-1.2452,-1.2788,0.9741,2.9211
1987-02-01,0.4309,4.3777,3.3679,-1.9117,2.0925,-0.568
1987-03-01,0.5012,1.6042,-0.6596,4.2175,-1.1238,1.3109
1987-04-01,0.4285,-2.0802,-2.4888,0.3757,-1.3784,0.6463
1987-05-01,0.376,0.1096,-1.2302,-0.1174,-2.3342,-0.2254
1987-06-01,0.5031,3.8855,-1.5528,1.4191,1.4728,-0.2303
1987-07-01,0.4058,3.8826,-2.0691,0.1227,-1.8049,-0.6454
1987-08-01,0.4744,3.5169,-0.1938,-0.2366,3.7946,2.5531
1987-09-01,0.482,-2.6135,0.6177,1.9091,0.5816,1.834
1987-10-01,0.604,-23.186,-7.442,3.3938,0.3728,2.6468
1987-11-01,0.3366,-7.7278,3.2774,0.6012,-0.667,0.8936
1987-12-01,0.2988,6.907,0.2378,-2.4293,3.8909,1.683
1988-01-01,0.2762,4.224,-0.7483,1.3211,-4.0709,-1.761
1988-02-01,0.4564,4.7515,3.5115,-0.6235,1.0355,-0.5612
1988-03-01,0.4402,-2.2537,5.7083,1.6766,-2.1546,-2.0272
1988-04-01,0.4577,0.5653,0.917,2.1332,0.648,0.9103
1988-05-01,0.5051,-0.2812,-1.2103,0.4673,-0.1703,1.3111
1988-06-01,0.4832,4.7832,2.7753,-3.2447,2.229,1.8263
1988-07-01,0.506,-1.2465,0.2194,1.1087,-1.135,0.0197
1988-08-01,0.5957,-3.2996,0.0327,1.673,-2.156,-0.1942
1988-09-01,0.6145,3.2965,-1.4621,-0.4297,2.1674,0.8222
1988-10-01,0.6074,1.1583,-2.8136,0.5015,0.0561,0.6655
1988-11-01,0.5742,-2.2855,-1.9262,1.3893,-0.4918,0.3745
1988-12-01,0.6306,1.4837,2.4207,0.4538,0.7816,0.5129
1989-01-01,0.5766,6.0383,-2.2045,0.009,-0.3512,1.5553
1989-02-01,0.611,-2.2487,2.9496,1.5601,-0.4588,-0.1566
1989-03-01,0.6213,1.6143,1.3348,1.2673,-0.1456,0.7329
1989-04-01,0.681,4.3075,-0.9426,-0.2825,1.1658,-0.2754
1989-05-01,0.8006,3.3236,0.0401,0.1034,1.1964,0.3646
1989-06-01,0.7147,-1.3768,-0.7327,1.5929,-0.1513,-0.9465
1989-07-01,0.704,7.1683,-3.4632,-0.447,4.9084,2.4671
1989-08-01,0.6684,1.5108,0.4818,-0.4259,1.6536,0.1504
1989-09-01,0.6387,-0.755,0.7705,1.1971,1.646,1.9087
1989-10-01,0.682,-3.6616,-3.3545,1.2995,1.4074,2.3349
1989-11-01,0.634,1.0795,-1.3385,1.6351,0.2423,-0.6545
1989-12-01,0.5941,1.1758,-1.9461,1.5747,1.0672,2.4108
1990-01-01,0.5852,-7.8121,-1.2193,0.9256,0.0362,-0.2243
1990-02-01,0.5818,1.1004,1.182,-1.0927,-0.3904,0.0951
1990-03-01,0.638,1.8341,1.2184,-0.3663,2.2845,1.6714
1990-04-01,0.6829,-3.3489,-0.4997,-0.7923,1.9796,0.6246
1990-05-01,0.6404,8.4547,-1.6365,-0.8603,3.7384,2.614
1990-06-01,0.5898,-1.0524,1.8445,0.2455,2.2265,-0.2715
1990-07-01,0.6704,-1.8917,-2.4677,4.0124,2.5575,-0.0077
1990-08-01,0.6154,-10.075,-4.5272,3.7185,-0.996,1.2745
1990-09-01,0.5984,-6.1098,-3.4195,2.6206,-0.4548,2.7349
1990-10-01,0.6559,-1.8955,-5.043,0.2596,2.0782,3.0547
1990-11-01,0.5651,6.3398,0.4508,-3.9805,1.5192,-0.8334
1990-12-01,0.5989,2.4606,1.3152,-1.9476,3.854,1.4729
1991-01-01,0.4637,4.7365,3.3616,-3.9515,0.159,1.5873
1991-02-01,0.4767,7.1852,3.6289,0.1447,-1.2401,-0.6763
1991-03-01,0.4391,2.6593,3.9278,-0.9336,1.6839,0.043
1991-04-01,0.5335,-0.2776,-0.7106,0.4658,1.3999,0.6168
1991-05-01,0.4461,3.6749,-0.5663,-1.9548,-0.7096,-1.0467
1991-06-01,0.4171,-4.9395,0.0582,0.6121,1.3696,0.4822
1991-07-01,0.484,4.2401,-0.5407,-0.6421,3.0471,0.3867
1991-08-01,0.461,2.3149,1.2962,-0.0358,1.1585,-0.2497
1991-09-01,0.4558,-1.5905,1.8118,-0.8244,-0.3642,0.1945
1991-10-01,0.4246,1.2858,0.5486,1.3528,-0.0461,3.2022
1991-11-01,0.3915,-4.1854,-0.2927,0.3066,3.2841,0.347
1991-12-01,0.3792,10.8282,-1.481,-2.0273,6.7588,-0.4642
1992-01-01,0.3059,-0.5529,8.3442,1.5031,-4.0661,1.5401
1992-02-01,0.2828,1.0845,1.4006,2.259,0.7483,2.2075
1992-03-01,0.3376,-2.6549,-1.1985,2.0114,1.0075,2.0099
1992-04-01,0.3303,1.0759,-6.9392,1.8032,-1.7012,2.0017
1992-05-01,0.2758,0.2994,-0.2599,0.2946,-0.2077,-0.7492
1992-06-01,0.3201,-2.3292,-2.6361,0.6495,1.0496,0.7777
1992-07-01,0.2892,3.7907,-0.8409,0.3947,2.5521,-0.0224
1992-08-01,0.2605,-2.3769,-0.3029,-0.7711,1.5203,-0.8625
1992-09-01,0.2573,1.1928,0.68,-0.397,2.398,-0.8272
1992-10-01,0.2286,1.0161,1.5549,-0.3587,2.1274,0.6104
1992-11-01,0.2346,4.1278,3.6862,-1.1743,0.9418,-0.14
1992-12-01,0.227,1.5884,2.74,1.4063,1.8253,1.0396
1993-01-01,0.2335,0.9302,2.3198,2.9828,-1.4432,0.0634
1993-02-01,0.2209,0.1217,-3.3169,3.6544,-1.4761,2.1442
1993-03-01,0.2538,2.3137,-0.0137,0.928,1.79,0.565
1993-04-01,0.2372,-3.0466,-1.1425,1.2024,-3.0656,1.9941
1993-05-01,0.2168,2.8843,1.8047,-0.8477,-0.5601,-0.2731
1993-06-01,0.2756,0.2822,1.587,1.8154,3.004,1.4639
1993-07-01,0.2402,-0.344,1.3942,1.4641,-0.5573,0.8485
1993-08-01,0.253,3.7117,-0.0201,-0.0631,0.4555,0.764
1993-09-01,0.2356,-0.1005,3.1073,0.2725,0.9456,1.3907
1993-10-01,0.221,1.4172,0.4205,-0.5657,-1.4109,-1.4188
1993-11-01,0.2477,-1.8646,-1.8608,-0.7492,-0.708,0.137
1993-12-01,0.2263,1.6454,2.1117,-0.2567,2.3857,2.2747
1994-01-01,0.2503,2.8669,0.1604,1.1293,-0.9199,0.9297
1994-02-01,0.212,-2.5444,2.6554,-0.465,2.6661,1.5974
1994-03-01,0.2469,-4.7556,-0.9376,0.9685,0.2222,1.3511
1994-04-01,0.2711,0.6802,-0.8207,1.2717,1.5314,1.5093
1994-05-01,0.315,0.58,-1.9847,0.5122,-0.759,1.4196
1994-06-01,0.3118,-3.0373,-0.8431,0.9217,0.1916,1.3273
1994-07-01,0.2751,2.8161,-1.434,0.4279,0.7172,-0.0852
1994-08-01,0.3687,4.0148,2.09,-0.691,2.0615,2.6811
1994-09-01,0.3659,-2.2829,2.2082,0.5877,1.0909,0.9731
1994-10-01,0.384,1.3466,-1.8201,0.1614,0.3557,2.4478
1994-11-01,0.3691,-4.0276,0.5357,-1.0048,1.3698,1.445
1994-12-01,0.443,0.859,1.1745,1.2908,3.9827,3.7188
1995-01-01,0.4156,1.7977,-2.4316,-0.001,-0.0615,1.1182
1995-02-01,0.3983,3.6322,-0.6976,-0.8475,0.5108,1.2105
1995-03-01,0.4134,2.2357,-1.2142,0.1683,1.2652,0.7744
1995-04-01,0.445,2.1075,-0.0047,0.0052,0.1403,3.4469
1995-05-01,0.5355,2.8934,-2.2033,0.8541,-1.0112,1.4595
1995-06-01,0.4714,2.7151,3.217,-1.7424,2.1316,1.8138
1995-07-01,0.4522,3.7121,1.7642,-2.5441,0.9424,0.3106
1995-08-01,0.4637,0.5526,2.3528,2.1972,0.1399,1.2976
1995-09-01,0.4309,3.351,-0.791,1.9321,1.3925,3.124
1995-10-01,0.4714,-1.5134,-5.026,0.7787,2.7818,4.4616
1995-11-01,0.4108,3.9618,-0.757,1.1249,-0.2405,-1.2708
1995-12-01,0.4882,1.0389,0.6346,3.1196,0.2748,0.3999
1996-01-01,0.4278,2.2549,-2.6855,2.4524,-1.5103,1.4008
1996-02-01,0.3908,1.3294,2.7368,-0.9846,3.1374,0.7476
1996-03-01,0.3943,0.7281,1.8719,-0.6913,0.2772,-1.3288
1996-04-01,0.4579,2.0645,5.1857,-1.8066,2.8665,1.1718
1996-05-01,0.3982,2.3872,4.4614,1.024,1.8666,-1.4313
1996-06-01,0.4,-1.134,-4.2994,1.7379,0.8663,1.6996
1996-07-01,0.4497,-5.9558,-3.3585,2.0166,2.4151,2.939
1996-08-01,0.4122,2.769,2.4804,-1.8517,0.1317,-1.3689
1996-09-01,0.4375,5.0076,-1.4449,-1.7393,2.2059,2.93
1996-10-01,0.4246,0.867,-2.4192,3.6629,1.8827,3.2177
1996-11-01,0.3941,6.2602,-3.5337,-1.3094,0.8179,5.3911
1996-12-01,0.4404,-1.6783,3.3233,1.2261,0.9378,1.7545
1997-01-01,0.4014,5.0142,-0.7925,-0.6503,1.8122,2.5623
1997-02-01,0.3788,-0.4744,-2.4681,2.9173,-1.5353,0.6453
1997-03-01,0.431,-5.0208,-0.5282,1.7519,1.7713,0.2069
1997-04-01,0.4313,4.0341,-4.7256,-1.8803,3.8597,2.9928
1997-05-01,0.4263,6.7947,5.0209,-3.2328,-0.2224,-1.499
1997-06-01,0.3744,4.0843,1.0326,0.2313,2.1092,0.1026
1997-07-01,0.4294,7.3144,-1.416,-3.0419,1.2833,1.2804
1997-08-01,0.4058,-4.0945,7.4911,-0.6984,-1.4123,0.4496
1997-09-01,0.4576,5.3255,2.4391,-0.1319,-1.0478,-2.6172
1997-10-01,0.3911,-3.7622,-1.0817,2.6444,-1.0642,-1.4291
1997-11-01,0.3773,2.9975,-5.5217,2.8803,1.4029,3.669
1997-12-01,0.4629,1.3478,-2.2068,2.2097,1.599,-2.433
1998-01-01,0.4204,0.1508,-1.2175,-1.2038,2.1861,2.598
1998-02-01,0.3847,7.0319,1.0668,-2.4551,1.1306,-0.3076
1998-03-01,0.4485,4.7027,-0.3104,0.4615,-0.1407,-1.1116
1998-04-01,0.4308,0.7319,0.4884,0.1955,-0.1867,2.2991
1998-05-01,0.3805,-3.04,-2.6232,2.2383,1.7629,1.0544
1998-06-01,0.4021,3.1842,-3.2579,-1.5552,3.159,0.4094
1998-07-01,0.3873,-2.407,-5.7071,1.8809,0.9711,2.8078
1998-08-01,0.4012,-16.024,-6.1865,5.46,3.0573,6.7108
1998-09-01,0.3875,6.2598,-2.0643,-3.0889,-1.8208,1.2861
1998-10-01,0.3353,6.97,-2.1671,-0.9585,0.6446,-0.509
1998-11-01,0.3233,6.0495,0.896,-0.0251,1.3695,1.2946
1998-12-01,0.3779,6.1316,-1.8744,-2.9345,2.9251,-2.2564
1999-01-01,0.3494,3.4923,-1.8915,-4.4702,-3.2515,-1.0709
1999-02-01,0.3372,-4.0599,-4.229,4.8126,0.0168,0.0067
1999-03-01,0.4076,3.4926,-5.5836,0.3153,-0.6918,0.4006
1999-04-01,0.3784,4.3247,3.9844,2.6612,-5.1577,0.4435
1999-05-01,0.3463,-2.4584,4.945,0.4504,0.6804,1.8847
1999-06-01,0.4098,4.7476,3.1512,-2.1112,2.391,4.334
1999-07-01,0.3658,-3.4774,2.264,3.4338,1.0281,1.9786
1999-08-01,0.3876,-1.3697,-1.5497,-1.1989,-0.0297,4.6299
1999-09-01,0.3705,-2.7546,1.7307,-1.3826,-0.1695,-1.0416
1999-10-01,0.3581,6.117,-5.6493,0.3316,2.0317,1.7882
1999-11-01,0.3811,3.3602,5.7518,-3.931,-3.0073,1.173
1999-12-01,0.3764,7.753,4.1765,-5.4904,-5.4444,-0.5813
2000-01-01,0.4343,-4.761,5.6171,2.9355,-4.9998,0.6381
2000-02-01,0.4295,2.4578,22.1445,-5.3931,-7.5531,-3.1099
2000-03-01,0.4377,5.2266,-14.406,1.835,7.6712,3.5601
2000-04-01,0.4595,-6.378,-4.8612,3.7871,8.7108,5.0965
2000-05-01,0.4782,-4.3692,-4.595,0.5085,0.0196,3.7028
2000-06-01,0.3744,4.6557,10.2581,-3.3837,-4.7887,-1.7246
2000-07-01,0.4772,-2.42,0.995,2.2468,3.4292,3.2866
2000-08-01,0.5002,7.0279,0.4492,-0.7996,-2.082,-1.0127
2000-09-01,0.5093,-5.4345,1.5798,5.2247,2.086,0.7343
2000-10-01,0.5217,-2.7431,-2.2168,2.9227,7.3399,6.5551
2000-11-01,0.4966,-10.6882,1.5389,7.4474,10.3613,10.9106
2000-12-01,0.4909,1.195,4.6807,6.3542,5.186,0.4954
2001-01-01,0.5243,3.2558,2.7247,-7.1277,-10.7874,-6.0998
2001-02-01,0.3653,-10.0211,2.8908,9.2225,5.1517,6.3565
2001-03-01,0.432,-7.2656,2.9527,3.7571,3.4588,2.6775
2001-04-01,0.3864,7.9365,-0.916,-3.7549,0.0756,-5.3436
2001-05-01,0.3183,0.6848,4.362,2.3857,-2.5497,-0.1689
2001-06-01,0.2778,-1.9317,6.7181,-1.7986,-0.7873,1.9856
2001-07-01,0.2999,-2.1314,-2.1255,1.3614,3.9606,5.6348
2001-08-01,0.2996,-6.3871,2.3658,5.6559,4.2819,5.7144
2001-09-01,0.273,-9.2292,-4.9266,2.866,9.1887,5.7419
2001-10-01,0.2154,2.4886,3.4902,-2.9832,-4.3712,-0.5978
2001-11-01,0.1749,7.5282,-1.3907,-1.1371,-8.4905,-2.89
2001-12-01,0.1484,1.6086,5.3196,-0.1655,0.5423,-2.076
2002-01-01,0.139,-1.4322,0.7235,3.247,0.3051,4.2548
2002-02-01,0.1285,-2.2918,-0.4934,4.4408,5.3227,3.7615
2002-03-01,0.1341,4.238,4.6116,0.7837,-4.7004,-0.4835
2002-04-01,0.1546,-5.2053,7.5864,4.0782,5.4627,4.0816
2002-05-01,0.1442,-1.3564,-3.1743,2.1983,1.8221,0.6145
2002-06-01,0.1312,-7.2084,3.5664,3.5525,4.9415,1.46
2002-07-01,0.1507,-8.19,-6.391,1.9788,6.7014,4.8802
2002-08-01,0.1402,0.4931,-0.0085,-0.8714,2.5383,-1.7202
2002-09-01,0.1414,-10.3255,3.1061,-2.1427,4.4435,1.0752
2002-10-01,0.1334,7.8302,-5.1207,0.2822,-4.5754,1.5164
2002-11-01,0.1166,5.9526,1.4994,3.2678,-11.1763,-3.1028
2002-12-01,0.1079,-5.7527,0.0671,-2.2643,5.3183,2.2788
2003-01-01,0.0934,-2.5616,-0.9916,0.6963,-0.6249,0.8078
2003-02-01,0.0871,-1.8827,-1.9999,-0.1273,0.9038,1.3998
2003-03-01,0.102,1.0908,1.3977,-0.135,3.3926,-0.899
2003-04-01,0.0939,8.1807,2.3476,1.0393,-4.476,-2.9384
2003-05-01,0.0903,6.0466,3.7898,1.8436,-8.2983,-1.6184
2003-06-01,0.0984,1.4214,2.2094,-1.0804,1.0722,-0.104
2003-07-01,0.0674,2.3358,4.3705,2.3076,-1.7597,-0.8737
2003-08-01,0.0689,2.3281,2.2338,2.3428,-1.2471,-1.6466
2003-09-01,0.0865,-1.2401,0.7041,0.225,1.2857,2.3373
2003-10-01,0.07,6.0782,3.0544,1.0087,-1.7421,-0.5327
2003-11-01,0.0725,1.3471,2.198,2.3287,0.7714,0.4751
2003-12-01,0.0831,4.2829,-2.7878,0.7939,-1.76,-1.3626
2004-01-01,0.0696,2.1524,3.1247,2.0478,-2.4214,0.853
2004-02-01,0.0623,1.3997,-0.3081,-0.8853,2.1363,-0.0149
2004-03-01,0.0844,-1.3162,2.5208,-0.7348,1.753,-1.1049
2004-04-01,0.0795,-1.8093,-3.2236,-2.8951,0.0119,1.4218
2004-05-01,0.0603,1.1743,-0.3796,0.5524,1.0772,-0.2134
2004-06-01,0.0817,1.8607,2.2457,-0.2731,0.5677,0.6119
2004-07-01,0.0919,-4.0402,-3.3259,-1.0149,2.4171,3.0606
2004-08-01,0.1116,0.0745,-1.5104,-1.2084,-1.2409,0.2102
2004-09-01,0.1185,1.5944,3.7689,-2.2151,-0.2254,-1.585
2004-10-01,0.1129,1.425,-0.7719,0.5703,-1.4301,-0.0243
2004-11-01,0.1541,4.5313,4.4804,-0.4367,-1.1431,-1.7057
2004-12-01,0.1672,3.4169,-0.0405,0.3013,-0.8673,-1.1119
2005-01-01,0.1661,-2.7538,-0.3941,-0.4044,3.2406,1.2888
2005-02-01,0.1641,1.8819,0.1359,0.3072,3.5962,0.6417
2005-03-01,0.2123,-1.9348,-1.7897,0.8307,0.5022,1.8941
2005-04-01,0.2072,-2.6089,-4.4729,-1.4703,-1.1183,2.1654
2005-05-01,0.2395,3.6511,2.9642,-0.0529,0.9696,0.3433
2005-06-01,0.2263,0.5711,3.803,-0.1906,-0.4286,-0.4109
2005-07-01,0.2383,3.9142,2.7322,-2.0753,-0.2051,-0.3679
2005-08-01,0.292,-1.1886,-0.7969,0.2262,-0.6543,-0.6119
2005-09-01,0.2848,0.4859,0.0029,-0.032,0.8685,0.2169
2005-10-01,0.2728,-2.044,-0.5067,-0.3087,1.1009,-0.5472
2005-11-01,0.3045,3.6182,1.2128,-1.0563,0.7835,-0.5526
2005-12-01,0.316,-0.2427,-0.0334,0.882,0.232,0.9394
2006-01-01,0.3488,3.0346,6.4411,-0.6817,-0.2541,0.8051
2006-02-01,0.3322,-0.2924,-0.3952,2.4377,-0.9888,-1.0255
2006-03-01,0.3642,1.4637,3.1243,-1.3474,0.79,-0.8279
2006-04-01,0.3559,0.7325,-0.3049,0.3436,0.8233,-0.1278
2006-05-01,0.4195,-3.5448,-3.5236,1.3256,-0.0951,-1.6192
2006-06-01,0.397,-0.3492,-0.336,-0.3976,1.0467,0.6236
2006-07-01,0.3976,-0.776,-3.1597,1.3484,0.5433,3.2102
2006-08-01,0.4283,2.0201,0.4353,1.9244,-1.334,-0.1569
2006-09-01,0.4047,1.8459,-0.9695,0.9826,0.6313,0.954
2006-10-01,0.4076,3.2203,1.9758,0.2015,-0.3021,0.4035
2006-11-01,0.4243,1.7004,0.3896,-1.5971,0.4977,-0.905
2006-12-01,0.4036,0.8643,-0.0013,1.8284,-0.5616,-1.243
2007-01-01,0.4328,1.3927,-0.0986,0.6257,0.053,0.1036
2007-02-01,0.3837,-1.956,1.4254,-0.9707,-0.7314,-0.0568
2007-03-01,0.4257,0.6903,-0.1758,-1.1817,0.4434,-0.2698
2007-04-01,0.4348,3.4826,-1.7356,0.8501,0.5389,1.1214
2007-05-01,0.4046,3.2406,-0.2435,-2.3109,0.533,0.1343
2007-06-01,0.3918,-1.949,0.5405,0.9524,1.213,-0.6074
2007-07-01,0.3962,-3.7107,-3.0424,-2.2503,1.5445,0.0522
2007-08-01,0.4205,0.9173,-0.8154,-1.3209,0.9284,0.4885
2007-09-01,0.3347,3.2019,-2.4091,-3.1977,1.616,-0.4705
2007-10-01,0.3212,1.802,0.3757,0.4596,1.2246,0.3475
2007-11-01,0.3395,-4.8017,-3.0142,0.1738,3.5993,1.4244
2007-12-01,0.2921,-0.8795,0.6426,-0.6021,2.3146,1.0574
2008-01-01,0.243,-6.3712,-0.7331,1.3978,-0.335,-0.8172
2008-02-01,0.1325,-3.0844,-0.8799,-1.5091,1.8089,1.3659
2008-03-01,0.1869,-0.9533,0.5775,-0.3529,2.3694,-0.059
2008-04-01,0.1025,4.6755,-0.9298,-2.3214,-0.8157,3.3854
2008-05-01,0.0946,1.942,2.5266,-0.3461,-0.3489,0.0269
2008-06-01,0.175,-8.4279,1.8792,-0.1872,6.3718,1.044
2008-07-01,0.144,-0.7579,5.9925,1.8031,-0.0192,-0.0444
2008-08-01,0.1282,1.5212,1.8626,0.9417,-0.9233,2.0556
2008-09-01,0.153,-9.292,0.6623,3.1609,1.6471,3.4543
2008-10-01,0.0792,-17.1779,-3.4778,1.0392,5.8889,6.75
2008-11-01,0.0228,-7.7499,-5.2251,0.5016,3.5054,2.2251
2008-12-01,0.0029,1.7427,3.5804,-2.3563,-0.6256,-0.819
2009-01-01,0.0023,-8.059,-2.9404,-0.9195,-0.7397,2.4955
2009-02-01,0.0147,-10.0887,-1.6061,-1.8632,2.9127,3.048
2009-03-01,0.0159,8.9657,0.958,-0.4563,-3.3319,0.0898
2009-04-01,0.0125,10.1649,7.3504,3.5317,-13.9902,-1.8773
2009-05-01,0.0017,5.2051,-1.337,-2.4121,-3.2921,-0.5791
2009-06-01,0.0075,0.4284,3.7792,0.4848,0.9567,2.5897
2009-07-01,0.0119,7.7115,1.6803,2.0193,-4.9457,-1.0433
2009-08-01,0.0116,3.3288,0.8741,2.2891,-2.5812,-1.5568
2009-09-01,0.0079,4.0766,2.4775,-1.1383,-2.7953,-2.6385
2009-10-01,0.004,-2.5535,-4.6208,-0.2528,3.9382,3.027
2009-11-01,0.0004,5.5693,-2.3874,-0.3339,1.0111,-0.3254
2009-12-01,0.0062,2.746,4.839,-0.1381,-1.8542,-0.1478
2010-01-01,0.0028,-3.3484,0.3824,0.6653,-1.0677,-0.6848
2010-02-01,0.001,3.3894,1.5068,0.703,-1.0406,-0.5169
2010-03-01,0.0068,6.3066,2.0311,1.6201,-0.5102,-1.6988
2010-04-01,0.0111,1.9985,3.8995,3.0632,-2.4887,-2.3487
2010-05-01,0.0112,-7.8916,0.0538,-0.4777,2.7377,1.741
2010-06-01,0.0127,-5.5539,-2.3833,-2.491,1.3467,1.9119
2010-07-01,0.0142,6.9082,0.4861,1.2168,-0.8604,0.3729
2010-08-01,0.0126,-4.7708,-3.6733,-1.7234,-0.5062,-0.7079
2010-09-01,0.0125,9.5407,3.9594,1.142,0.509,0.0709
2010-10-01,0.0112,3.8684,0.6988,-0.0223,0.6453,0.4586
2010-11-01,0.0114,0.5951,3.6452,1.8646,-0.0799,-0.6181
2010-12-01,0.014,6.8135,0.4526,3.0162,-3.6797,-2.2349
2011-01-01,0.0066,1.9888,-1.9958,1.2925,0.5331,-1.3047
2011-02-01,0.0122,3.4831,1.3851,1.442,-1.648,-0.8408
2011-03-01,0.0067,0.4538,1.8519,-0.1315,-0.9575,0.2931
2011-04-01,0.0053,2.8931,-0.878,-0.9779,1.5871,1.1108
2011-05-01,0.0013,-1.2686,-0.8588,-1.0351,0.1308,1.3826
2011-06-01,0.0035,-1.7419,0.4599,-1.1515,2.8113,1.0009
2011-07-01,-0.0028,-2.3484,-1.7834,-2.0383,0.7486,0.6584
2011-08-01,0.0083,-5.9801,-3.7375,-1.3168,2.5889,2.7195
2011-09-01,-0.0001,-7.5695,-4.7737,0.0766,-0.7641,4.899
2011-10-01,0.0014,11.3322,5.1842,-0.5881,2.1402,-1.7124
2011-11-01,0.0004,-0.2796,-1.1385,1.5253,0.5804,1.1496
2011-12-01,0.0,0.7396,0.1386,2.6695,1.1493,-0.5426
2012-01-01,-0.0002,5.0531,2.7798,-0.574,-0.6313,-1.3109
2012-02-01,0.0031,4.4179,-0.6691,0.0789,0.2919,0.0154
2012-03-01,0.0046,3.1094,0.7263,1.4304,1.6789,1.7504
2012-04-01,0.0029,-0.8431,-1.0996,0.8585,1.0202,-0.3923
2012-05-01,0.0065,-6.17,-0.8812,2.6809,1.6079,2.3628
2012-06-01,0.0022,3.8919,1.4974,1.0217,-1.7619,0.3579
2012-07-01,0.0032,0.7869,-3.0848,0.5093,1.5194,0.9697
2012-08-01,0.005,2.5482,1.4204,-1.4664,-0.5072,-0.4108
2012-09-01,0.0067,2.7322,1.1701,1.2038,0.1979,-0.7122
2012-10-01,0.0037,-1.7522,0.2241,1.8508,0.4723,-3.7218
2012-11-01,0.0085,0.7763,0.3716,0.7994,1.7203,0.1868
2012-12-01,0.0103,1.1754,2.4277,-0.8369,-1.9895,-2.6235
2013-01-01,0.0022,5.5689,0.1975,1.5622,-2.0267,-1.6667
2013-02-01,0.0054,1.2863,-0.621,0.7303,0.0662,0.4434
2013-03-01,0.0041,4.0326,1.0729,1.292,0.5017,-1.1599
2013-04-01,0.0037,1.5535,-2.8649,0.1008,-1.049,-0.2357
2013-05-01,0.0012,2.8025,3.5114,-1.6629,-0.4309,-1.411
2013-06-01,0.0013,-1.1912,0.7559,0.7117,-0.1152,0.5685
2013-07-01,0.0009,5.6427,2.096,0.6492,-0.4789,-1.1328
2013-08-01,0.0009,-2.704,-0.2103,-1.7886,0.5747,0.1682
2013-09-01,0.0008,3.7669,2.4501,-0.7386,-0.9744,-1.0177
2013-10-01,0.0017,4.1694,-1.6177,1.1612,1.337,0.7863
2013-11-01,0.0032,3.1224,1.9293,0.0148,1.5473,1.2033
2013-12-01,0.0023,2.8045,-0.4381,0.7392,-0.1739,-1.7669
2014-01-01,0.0012,-3.3179,0.3303,-0.2918,-2.3112,0.3524
2014-02-01,0.0045,4.6488,-0.3064,-0.6297,-1.4762,-0.0337
2014-03-01,0.0028,0.4311,-0.1623,2.7038,1.7701,1.5414
2014-04-01,0.0015,-0.188,-4.6866,0.8015,1.0756,0.681
2014-05-01,0.0008,2.0607,-2.0366,-0.9378,-0.6562,0.5021
2014-06-01,0.002,2.6074,2.2426,-2.6584,-2.5842,0.2611
2014-07-01,0.0013,-2.0368,-3.5626,0.7158,1.1954,1.1861
2014-08-01,0.0003,4.2324,0.4495,-0.9247,0.1376,0.233
2014-09-01,0.0004,-1.9686,-3.1026,-0.3101,3.0633,2.1813
2014-10-01,0.0012,2.5117,3.6151,0.5283,1.6899,-0.143
2014-11-01,-0.0001,2.5493,-1.9772,0.3424,2.5253,0.4379
2014-12-01,0.0005,-0.0597,2.7694,0.4723,-0.6556,0.2922
2015-01-01,0.0013,-3.0996,-1.5792,-1.0729,-0.3707,1.407
2015-02-01,-0.0021,6.1287,0.816,-1.3938,0.0837,-0.9869
2015-03-01,-0.0008,-1.1024,2.8163,-0.2615,0.8338,-0.0343
2015-04-01,0.0029,0.5888,-3.7918,-0.8011,-2.1972,-0.213
2015-05-01,-0.0005,1.363,1.735,-0.612,1.4466,0.2982
2015-06-01,0.0004,-1.5261,2.8606,-2.4461,1.2477,-0.7143
2015-07-01,-0.0037,1.5493,-4.0748,-2.7296,4.3509,2.621
2015-08-01,0.0027,-6.0238,0.5006,1.1632,0.7598,0.2715
2015-09-01,-0.0006,-3.0659,-3.3796,0.3072,4.2729,3.4955
2015-10-01,-0.0027,7.7467,-2.7651,0.6524,-2.314,1.0301
2015-11-01,0.002,0.5651,3.4655,-0.5479,-1.7097,0.5036
2015-12-01,0.0103,-2.1653,-2.0946,0.328,2.9435,3.3512
2016-01-01,0.0037,-5.7545,-2.8171,2.7736,5.3293,4.7582
2016-02-01,0.0205,-0.0702,0.4861,1.7188,2.0303,-0.1001
2016-03-01,0.019,6.9517,1.0386,-0.7057,-2.1273,-2.7537
2016-04-01,0.0051,0.9148,0.1069,1.2916,-7.2338,-5.1843
2016-05-01,0.0115,1.7705,-0.501,-2.2596,0.9368,2.2734
2016-06-01,0.0188,-0.0432,-0.3369,0.4911,0.273,-0.8152
2016-07-01,0.0171,3.9526,2.3302,-2.1903,-0.5211,2.0806
2016-08-01,0.0165,0.4962,0.9735,-0.2318,-2.3925,-0.3057
2016-09-01,0.0219,0.2631,1.0162,0.2096,-3.078,-0.898
2016-10-01,0.0168,-2.0197,-3.4301,0.869,3.0152,2.0304
2016-11-01,0.0136,4.863,6.5782,2.978,-0.971,-2.4899
2016-12-01,0.0239,1.8164,0.6324,-0.2455,1.5371,0.8781
2017-01-01,0.0358,1.937,-1.8672,-2.0241,-1.3102,0.6218
2017-02-01,0.0364,3.5584,-1.6698,-2.2401,2.0078,2.4406
2017-03-01,0.0353,0.167,1.2536,-1.2934,1.9001,1.1901
2017-04-01,0.0537,1.0875,0.6004,-1.5686,1.0154,1.6122
2017-05-01,0.0614,1.0635,-2.572,-1.559,1.3157,2.635
2017-06-01,0.0617,0.7961,3.0521,-0.5345,-1.3137,-1.8924
2017-07-01,0.0722,1.8659,-1.1236,-0.4271,1.5283,1.0275
2017-08-01,0.0827,0.1618,-1.4574,-2.8822,0.3922,1.5105
2017-09-01,0.0944,2.506,4.912,3.1438,0.4345,-1.753
2017-10-01,0.084,2.2515,-1.3342,-3.3036,1.3833,2.8975
2017-11-01,0.0826,3.1198,0.2129,-0.4942,1.8838,1.1959
2017-12-01,0.0884,1.0534,-0.9099,1.7421,0.3374,-1.0759
2018-01-01,0.1121,5.576,-2.7684,-1.293,-1.2809,2.6048
2018-02-01,0.1073,-3.6447,0.1829,-1.6974,-0.7708,4.4591
2018-03-01,0.0261,-2.2549,2.8006,-0.1118,0.1524,0.4776
2018-04-01,0.1433,0.2834,0.2773,1.5885,-0.0349,-0.8631
2018-05-01,0.1401,2.6476,4.9662,-0.9604,-1.7579,2.3034
2018-06-01,0.1408,0.4891,0.6131,-0.3933,1.4069,0.0967
2018-07-01,0.1558,3.1971,-1.3016,0.4683,1.9789,1.4037
2018-08-01,0.1575,3.4468,1.5026,-2.4114,0.3614,4.3046
2018-09-01,0.149,0.0593,-3.0996,1.452,0.7173,1.0672
2018-10-01,0.189,-7.6459,-4.7534,4.1692,1.2685,-0.7547
2018-11-01,0.1795,1.7068,-0.782,-0.9846,0.6952,2.7574
2018-12-01,0.193,-9.5424,-3.0373,-0.8462,1.2795,2.522
2019-01-01,0.192,8.4095,2.0485,-1.0005,-3.9559,-7.1401
2019-02-01,0.1809,3.3945,1.1896,-2.5924,0.5313,1.3959
2019-03-01,0.1935,1.1,-3.4466,-0.4942,0.1059,0.6733
2019-04-01,0.2125,3.9607,-0.2476,-2.418,1.8306,1.0912
2019-05-01,0.1983,-6.9254,-1.9156,1.5264,0.6444,0.1716
2019-06-01,0.1853,6.9269,-0.4309,-0.266,-0.1359,-0.2662
2019-07-01,0.1783,1.2213,-1.6326,0.1743,0.4843,1.2341
2019-08-01,0.1908,-2.6018,-4.2154,-1.0234,1.8878,1.4913
2019-09-01,0.1787,1.4293,1.4289,2.9672,1.7225,-1.8185
2019-10-01,0.1531,2.0629,0.8208,-0.6402,0.8429,1.9502
2019-11-01,0.1197,3.8677,0.0019,-1.0324,-1.3056,-0.6328
2019-12-01,0.1431,2.7631,1.2791,1.769,-1.252,-0.6206
2020-01-01,0.1164,-0.0918,-4.7599,-2.4186,-0.434,2.4445
2020-02-01,0.1208,-8.1285,-1.3419,-2.1767,-0.5082,1.4314
2020-03-01,0.1268,-13.3781,-8.4139,2.1173,5.8288,11.8761
2020-04-01,0.0003,13.5918,3.2906,-0.1783,-2.1253,-2.9684
2020-05-01,0.0059,5.583,2.4993,-3.6764,-0.5798,0.6878
2020-06-01,0.0111,2.4608,2.2963,0.2683,1.1718,1.6921
2020-07-01,0.0096,5.7699,-1.2856,-1.3374,3.338,1.4232
2020-08-01,0.0079,7.626,-2.0521,-3.0065,-0.7135,-1.6874
2020-09-01,0.0076,-3.6283,0.6347,-2.5151,1.1429,0.8538
2020-10-01,0.0073,-2.1002,2.5852,-0.2991,-2.6977,0.0617
2020-11-01,0.0066,12.4684,4.1686,3.105,-14.355,-9.7563
2020-12-01,0.006,4.6321,4.2033,-2.7493,-4.021,-1.1251
2021-01-01,0.0046,-0.0212,8.2178,6.4689,-1.9859,-7.1944
2021-02-01,0.0045,2.7769,4.3453,-0.6264,-6.1783,-5.8242
2021-03-01,0.0027,3.0849,-0.6556,4.7173,4.4184,-1.5273
2021-04-01,0.0014,4.9228,-3.0496,-3.3369,2.2146,2.2226
2021-05-01,0.0005,0.2877,1.4392,4.5591,2.3724,-1.5753
2021-06-01,0.0004,2.7505,-0.1316,-2.5953,-1.3245,3.5564
2021-07-01,0.0031,1.2652,-3.053,-1.5062,7.4792,5.249
2021-08-01,0.0049,2.9065,-0.7272,-2.1892,1.255,2.2517
2021-09-01,0.0033,-4.3671,0.738,3.3074,-1.7797,-4.7938
2021-10-01,0.0037,6.6487,-2.0151,-2.2654,3.2909,3.5348
2021-11-01,0.0044,-1.5459,-0.6292,-0.4569,8.3789,4.785
2021-12-01,0.0067,3.1005,-0.5416,5.2366,3.823,1.1799
2022-01-01,0.0044,-6.2481,-3.7454,10.4429,0.7748,-3.4199
2022-02-01,0.0028,-2.2805,3.2417,3.9305,-2.2584,-4.2678
2022-03-01,0.006,3.0566,-1.8113,3.3117,-0.0987,-1.4433
2022-04-01,0.0037,-9.4436,0.8986,6.0424,4.6941,-0.0118
2022-05-01,0.0307,-0.3407,0.823,5.7417,1.0855,1.3569
2022-06-01,0.0567,-8.4238,0.7304,-5.6444,1.0413,1.3748
2022-07-01,0.0812,9.5561,0.2718,-5.5565,-2.045,2.3606
2022-08-01,0.1901,-3.7707,1.396,2.8829,-2.8215,-3.359
2022-09-01,0.1929,-9.3464,-1.7137,-0.2636,1.0989,1.7873
2022-10-01,0.2327,7.8335,4.6727,7.4759,5.4532,-0.9368
2022-11-01,0.2856,4.6103,-2.3298,2.1129,2.4681,1.3507
2022-12-01,0.3379,-6.4062,0.3374,3.9261,-0.4648,-0.4815
2023-01-01,0.3506,6.6413,4.7212,-5.4106,-4.2423,-2.1437
2023-02-01,0.345,-2.5855,-0.1341,-1.3265,2.9398,2.0042
2023-03-01,0.3638,2.4564,-7.7416,-3.2627,1.1173,6.2793
2023-04-01,0.364,0.5939,-1.9389,3.1023,-1.0657,-0.7091
2023-05-01,0.3662,0.3413,-1.7843,-6.9683,-1.2287,1.6535
2023-06-01,0.4078,6.4559,2.742,-1.5359,4.5498,0.4194
2023-07-01,0.4391,3.2234,1.6394,-0.1962,-0.5115,-0.7733
2023-08-01,0.4537,-2.3874,-2.4532,-1.234,5.0483,5.1348
2023-09-01,0.4267,-5.2386,-0.1177,-0.4879,3.3773,2.7151
2023-10-01,0.4715,-3.1784,-2.6286,-0.4588,5.6473,4.6182
2023-11-01,0.4424,8.8639,-0.7638,-2.3272,-3.6413,-2.6912
2023-12-01,0.4266,4.8696,5.2012,0.2133,-4.1255,-4.0302
2024-01-01,0.4729,0.7014,-4.8245,0.4218,1.9675,3.7863
2024-02-01,0.4224,5.0654,1.2192,-1.9735,0.089,-1.9019
2024-03-01,0.4157,2.8403,-0.7905,0.4476,1.1306,-2.0875
2024-04-01,0.4864,-4.687,-2.9976,-0.9161,1.7953,1.3054
2024-05-01,0.4415,4.3262,2.9438,-1.0645,4.506,2.4258
2024-06-01,0.4125,2.7699,-4.8267,-0.5782,2.3517,4.9059
2024-07-01,0.4711,1.2169,7.5712,1.2441,-0.1571,-3.1322
2024-08-01,0.4419,1.6518,-4.0817,0.4687,1.8369,0.8116
2024-09-01,0.4619,1.6806,-1.1967,-0.001,0.7408,-3.281
2024-10-01,0.3907,-0.9701,-1.1261,-1.1676,-0.2314,-0.8335
2024-11-01,0.3955,6.5002,4.3985,-4.9491,-1.537,-2.142
2024-12-01,0.3663,-3.1637,-5.1564,-0.3684,-2.1442,4.9624
